epoch,step,train/kl_loss,train/loss,train/lr,train/r_loss
0,49,10.083172798156738,6840.279296875,0.0010000000474974513,6830.1962890625
