epoch,step,train/kl_loss,train/loss,train/lr,train/r_loss
0,49,14.165226936340332,6881.4375,0.0010000000474974513,6867.2724609375
